Country_Code,year,PerCapita_HealthExp,HealthExp_to_GDP_percent,PerCapita_Health_USD,Total_HealthSpending_USD
AUS,1971,15.99,0.73,33.99,439.73
AUS,1972,15.09,0.69,34.18,450.44
AUS,1973,15.12,0.68,37.96,507.85
AUS,1974,14.77,0.75,45.34,622.17
AUS,1975,11.85,0.68,44.36,616.34
AUS,1976,10.92,0.63,44.34,622.22
AUS,1977,10.09,0.61,45.41,644.42
AUS,1978,9.96,0.59,48.13,691.01
AUS,1979,8.98,0.52,47.31,686.61
AUS,1980,9.26,0.54,54.88,806.22
AUS,1981,9.39,0.55,62.73,936.14
AUS,1982,9.25,0.56,65.25,990.7
AUS,1983,9.59,0.58,72.63,1118.01
AUS,1984,9.47,0.57,76.09,1185.36
AUS,1985,9.56,0.58,81.78,1291.23
AUS,1986,9.57,0.6,86.55,1386.31
AUS,1987,9.54,0.58,90.91,1478.5
AUS,1988,9.82,0.6,100.97,1669.27
AUS,1989,10.2,0.62,111.93,1881.95
AUS,1990,10.47,0.68,122.16,2084.61
AUS,1991,10.94,0.74,135,2333.29
AUS,1992,11.41,0.78,148.93,2603.04
AUS,1993,11.98,0.82,164.47,2900.43
AUS,1994,12.51,0.86,181.94,3239.54
AUS,1995,12.76,0.88,196.21,3532.65
AUS,1996,13.11,0.93,215.33,3924.34
AUS,1997,13.44,0.95,232.17,4277.26
AUS,1998,14.08,1.02,259.04,4820.13
AUS,1999,14.68,1.07,287.25,5403.73
AUS,2000,15.7,1.19,338.1,6433.7
AUS,2001,16.06,1.23,367.85,7090.26
AUS,2002,15.37,1.21,381.43,7436.12
AUS,2003,15.76,1.24,406.44,8015.26
AUS,2004,15.66,1.27,441.2,8794.36
AUS,2005,15.22,1.21,437.13,8819.8
AUS,2006,15.28,1.22,457.72,9360.71
AUS,2007,15.2,1.22,486.41,10130.72
AUS,2008,15.41,1.27,516.33,10971.66
AUS,2009,15.54,1.33,530.97,11517.6
AUS,2010,15.63,1.32,561.66,12374.33
AUS,2011,15.31,1.31,583.22,13029.19
AUS,2012,15.31,1.33,589.99,13412.59
AUS,2013,14.35,1.26,586.4,13562.38
AUS,2014,12.5,1.23,569.46,13368.35
AUS,2015,12.44,1.27,594.23,14152.25
AUS,2016,12.92,1.3,650.54,15737.13
AUS,2017,12.28,1.24,622.91,15318.92
AUS,2018,11.93,1.2,619.26,15458.65
AUS,2019,12.05,1.23,617.73,15650.06
AUS,2020,11.96,1.28,680.87,17463.75
AUT,1990,10.13,0.78,150.16,1152.93
AUT,1991,10,0.78,158.6,1229.89
AUT,1992,9.89,0.8,168.79,1323.41
AUT,1993,9.75,0.84,180.29,1425.32
AUT,1994,9.46,0.85,190.77,1513.95
AUT,1995,9.54,0.85,199.06,1582.19
AUT,1996,9.84,0.87,212.57,1691.82
AUT,1997,11.21,1.01,253.99,2023.79
AUT,1998,11.84,1.08,287.56,2293.81
AUT,1999,12.55,1.17,322.49,2577.44
AUT,2000,12.73,1.17,357.06,2860.63
AUT,2001,12.9,1.2,368.74,2965.53
AUT,2002,13.15,1.24,407.91,3296.71
AUT,2003,13.61,1.3,435.14,3533.97
AUT,2004,13.31,1.29,453.93,3709.53
AUT,2005,13.24,1.27,460.16,3786.11
AUT,2006,13.27,1.27,482.4,3988.77
AUT,2007,13.49,1.29,511.9,4246.43
AUT,2008,13.43,1.31,538.53,4481.35
AUT,2009,12.37,1.27,505.93,4221.15
AUT,2010,12.22,1.25,520.45,4352.72
AUT,2011,12.29,1.23,534.07,4481.7
AUT,2012,12.06,1.23,553.48,4665.81
AUT,2013,11.89,1.22,566.62,4804.85
AUT,2014,12.14,1.26,589.98,5042.19
AUT,2015,12.29,1.27,607.65,5251.72
AUT,2016,11.97,1.24,621.65,5431.18
AUT,2017,12.09,1.26,642.38,5651.36
AUT,2018,11.95,1.24,659.52,5830.5
AUT,2019,11.84,1.24,665.85,5912.71
AUT,2020,12.13,1.38,711.33,6342.79
AUT,2021,11.43,1.38,764.77,6849.1
BEL,1970,28.11,1.08,42.05,406.02
BEL,1971,28.28,1.12,46.63,451.02
BEL,1972,27.63,1.13,51.47,499.87
BEL,1973,27.55,1.21,61.83,602.3
BEL,1974,26.78,1.19,68.93,673.59
BEL,1975,21.89,1.21,73.39,719.3
BEL,1976,18.88,1.09,72.63,713.1
BEL,1977,18.3,1.14,81.65,802.64
BEL,1978,17.79,1.14,89.43,879.92
BEL,1979,17.39,1.11,97.87,963.89
BEL,1980,17.37,1.07,102.93,1014.78
BEL,1981,16.04,1.06,107.31,1057.98
BEL,1982,15.4,1.05,114.23,1125.87
BEL,1983,15.59,1.09,122.59,1208.23
BEL,1984,14.97,1.02,121.77,1200.04
BEL,1985,15.68,1.08,135.8,1338.77
BEL,1986,15.71,1.11,148.42,1463.66
BEL,1987,15.95,1.14,161.07,1589.8
BEL,1988,16.48,1.18,183.22,1814.14
BEL,1989,16.23,1.15,195.37,1941.55
BEL,1990,15.52,1.11,202.06,2013.99
BEL,1991,15.6,1.16,221.64,2217.35
BEL,1992,16.28,1.24,248.41,2495.32
BEL,1993,17.45,1.35,276.29,2786.19
BEL,1994,17.46,1.32,283.14,2864.11
BEL,1995,18.07,1.36,301.87,3060.02
BEL,1996,17.12,1.34,302.68,3074.17
BEL,1997,17.5,1.34,317.54,3232.96
BEL,2003,17.4,1.59,505,5239.94
BEL,2004,17.11,1.6,528.02,5502.6
BEL,2005,16.96,1.56,526.39,5515.84
BEL,2006,16.43,1.5,524.9,5536.67
BEL,2007,16.62,1.52,549.59,5839.79
BEL,2008,14.86,1.43,526.61,5639.99
BEL,2009,14.18,1.46,526.24,5681.52
BEL,2010,13.84,1.41,540.99,5894.45
BEL,2011,13.61,1.41,551.65,6089.3
BEL,2012,12.77,1.34,541.62,6015.75
BEL,2013,12.53,1.33,556.79,6213.46
BEL,2014,12.22,1.3,561.59,6294.89
BEL,2015,12.27,1.33,591.14,6664.64
BEL,2016,12.04,1.3,603.74,6841.26
BEL,2017,11.51,1.24,592.17,6736.03
BEL,2018,11.24,1.22,601.27,6870.69
BEL,2019,11.31,1.22,613.64,7050.09
BEL,2020,11.18,1.25,615.68,7104.1
BEL,2021,10.78,1.19,649.34,7523.43
BGR,2003,37,2.66,231.65,1801.17
BGR,2004,35.62,2.45,233.47,1801.69
BGR,2005,34.27,2.36,243.79,1867.19
BGR,2006,36.81,2.4,267.29,2031.65
BGR,2007,35.3,2.17,275.73,2080.49
BGR,2008,35.31,2.22,308.21,2309.29
BGR,2012,37.75,2.85,474.18,3464.32
BGR,2013,34.91,2.49,432.71,3143.72
BGR,2014,34.88,2.68,491.21,3548.5
BGR,2015,35.95,2.66,516.44,3706.97
BGR,2016,36.74,2.74,587.21,4185.5
BGR,2017,36.97,2.77,625.8,4428.13
BGR,2018,35.41,2.6,625.65,4395.19
BGR,2019,34.36,2.44,616.93,4303.54
BGR,2020,32.62,2.77,692.59,4802.39
BGR,2021,30.6,2.62,758.71,5218.21
BRA,2015,18.25,1.63,248.34,50083.7
BRA,2016,18.26,1.67,244.67,49721.38
BRA,2017,17.97,1.7,250.06,51188.76
BRA,2018,18.2,1.72,261.62,53921.16
BRA,2019,18.22,1.75,272.83,56600.28
CAN,1970,11.96,0.75,32.68,696.95
CAN,1971,11.53,0.75,36.13,793.49
CAN,1972,10.96,0.71,37.08,823.77
CAN,1973,10.94,0.67,40.13,902.55
CAN,1974,10.03,0.61,42.13,960.9
CAN,1975,9.32,0.61,45.43,1051.33
CAN,1976,8.96,0.58,48.67,1141.26
CAN,1977,8.9,0.58,51.69,1226.39
CAN,1978,8.88,0.57,55.5,1329.84
CAN,1979,9.08,0.58,62.87,1521.45
CAN,1980,8.93,0.58,70.74,1734.21
CAN,1981,9.36,0.63,84.1,2087.45
CAN,1982,9.07,0.68,90.36,2269.52
CAN,1983,9.15,0.7,97.55,2474.6
CAN,1984,9.5,0.72,107.83,2761.16
CAN,1985,10.06,0.76,122.03,3153.46
CAN,1986,10.76,0.84,137.55,3590.12
CAN,1987,11.06,0.86,150.11,3969.79
CAN,1988,11.38,0.88,166.34,4456.54
CAN,1989,11.69,0.93,184.66,5036.96
CAN,1990,11.91,1,202.52,5607.95
CAN,1991,12.14,1.1,219.06,6141.79
CAN,1992,12.75,1.19,241.92,6863.49
CAN,1993,13.38,1.23,258.3,7409.19
CAN,1994,13.61,1.2,267.11,7746.48
CAN,1995,14.36,1.23,285.01,8351.39
CAN,1996,14.58,1.22,291.52,8631.94
CAN,1997,15.26,1.27,319.14,9544.27
CAN,1998,15.7,1.34,345.52,10419.09
CAN,1999,16.2,1.35,369.05,11219.66
CAN,2000,16.6,1.37,406.82,12483.48
CAN,2001,16.92,1.46,444.05,13774.66
CAN,2002,17.44,1.54,480.95,15082.18
CAN,2003,17.85,1.61,520.03,16455.16
CAN,2004,17.99,1.63,561.77,17942.39
CAN,2005,18.06,1.63,594.45,19166.56
CAN,2006,17.93,1.68,625.28,20366.21
CAN,2007,17.73,1.67,657.56,21626.28
CAN,2008,17.52,1.68,674.42,22422.54
CAN,2009,17.63,1.88,692.03,23272.98
CAN,2010,18.23,1.95,755.74,25699.62
CAN,2011,17.9,1.86,755.06,25928.17
CAN,2012,17.46,1.84,756.83,26271.97
CAN,2013,17.04,1.77,754.27,26460.61
CAN,2014,16.63,1.71,754.34,26729.19
CAN,2015,16.72,1.8,774.78,27663.06
CAN,2016,16.63,1.83,838.5,30279.05
CAN,2017,16.43,1.79,849.46,31043.47
CAN,2018,15.93,1.74,850.08,31514.51
CAN,2019,15.85,1.74,827.57,31132.05
CAN,2020,14.24,1.86,836.93,31827.31
CAN,2021,13.79,1.7,865.34,33090.37
CAN,2022,14.47,1.61,914.33,35602.95
CHE,2010,10.52,1.05,530.9,4154.24
CHE,2011,10.32,1.04,539.8,4271.07
CHE,2012,10.38,1.05,566.96,4533.92
CHE,2013,10.23,1.06,595.63,4818.22
CHE,2014,10.23,1.07,611.91,5010.68
CHE,2015,10.18,1.1,636.99,5275.84
CHE,2016,10.33,1.14,676.59,5665.33
CHE,2017,10.55,1.17,687.4,5809.8
CHE,2018,10.66,1.15,703.79,5992.27
CHE,2019,10.68,1.18,716.54,6144.51
CHE,2020,10.85,1.27,761.87,6581.16
CHE,2021,10.59,1.25,803.2,6991.52
CHL,2019,13.96,1.31,320.69,6156.52
CHL,2020,12.33,1.2,298.15,5775.33
CHL,2021,12.29,1.15,329,6401.04
COL,2013,15.59,1.09,144.3,6659.77
COL,2014,15.65,1.13,154.55,7196.59
COL,2015,15.4,1.16,159.43,7488.37
COL,2016,15.53,1.17,171.11,8116.99
COL,2017,15.58,1.2,177.53,8544.81
CRI,2011,14.94,1.21,175.76,810.22
CRI,2012,14.37,1.12,175.02,816.3
CRI,2013,13.51,1.04,167.22,788.65
CRI,2014,14.75,1.13,193.6,922.93
CRI,2015,14.54,1.1,201.04,968.6
CRI,2016,13.61,1,192.4,936.41
CRI,2017,7.66,0.54,110.72,544.01
CRI,2018,9.4,0.69,143.8,712.93
CRI,2019,9.08,0.66,141.24,706.15
CRI,2020,8.23,0.64,133.07,669.89
CRI,2021,8.52,0.65,142.36,720.36
CYP,2003,22.35,1.26,312.89,312.76
CYP,2004,22.15,1.2,316.32,321.97
CYP,2005,21.96,1.19,325.95,337.73
CYP,2006,21.18,1.15,333.75,351.92
CYP,2007,21.05,1.12,360.64,386.86
CYP,2008,18.57,1.12,379.08,413.59
CYP,2009,17.83,1.15,369.05,409.42
CYP,2010,16.08,1.05,333.52,376.15
CYP,2011,15.95,1.03,322.56,369.82
CYP,2012,16.09,1.05,320.28,373.26
CYP,2013,16.42,1.14,331.25,392.16
CYP,2014,16.77,1.16,340.1,408.73
CYP,2015,18.41,1.25,383.79,468.04
CYP,2016,18.63,1.24,426.1,527.13
CYP,2017,18.23,1.21,440.26,552.2
CYP,2018,18.13,1.24,474.21,602.6
CYP,2019,15.5,1.1,431.32,554.97
CYP,2020,14.12,1.19,440.74,573.95
CYP,2021,14.99,1.41,578.65,762.26
CZE,1990,24.21,0.9,118.87,1228.29
CZE,1991,21.5,0.83,94.25,971.55
CZE,1992,24.69,0.98,114.23,1178.72
CZE,1993,22.36,1.19,147.17,1520.29
CZE,1994,28.25,1.55,204.86,2116.94
CZE,1995,28.28,1.61,228.55,2360.33
CZE,1996,27.67,1.55,237.6,2450.94
CZE,1997,27.25,1.53,236.94,2441.44
CZE,1998,25.09,1.4,222.99,2295.55
CZE,1999,24.15,1.39,229.86,2363.89
CZE,2000,24.66,1.41,253.01,2594.58
CZE,2001,24.98,1.47,289.85,2961.23
CZE,2002,25.07,1.55,317.8,3240.53
CZE,2003,25.2,1.64,351.18,3579.95
CZE,2004,25.67,1.63,375.84,3832.48
CZE,2005,25.7,1.63,391.51,3997.77
CZE,2006,23.48,1.45,366.3,3750.52
CZE,2007,22.21,1.33,368.85,3798.67
CZE,2008,20.91,1.32,381.1,3957.61
CZE,2009,22.14,1.61,453.59,4737.23
CZE,2010,19.52,1.48,431.28,4517.42
CZE,2011,19.56,1.48,435.79,4574.11
CZE,2012,19.85,1.51,453.47,4766.27
CZE,2013,19.04,1.43,454.12,4774.75
CZE,2014,18.12,1.38,465.57,4900.29
CZE,2015,18,1.33,468.99,4945.98
CZE,2016,17.76,1.32,496.86,5249.97
CZE,2017,17.17,1.27,509.94,5402.54
CZE,2018,16.32,1.22,510.5,5426.56
CZE,2019,15.79,1.2,516.51,5512.13
CZE,2020,15.24,1.4,579.67,6201.22
CZE,2021,13.36,1.27,574.76,6038.3
DEU,1970,17,0.97,42.9,3353.23
DEU,1971,16.23,1,48.39,3789.72
DEU,1972,15.85,1.03,53.48,4207.94
DEU,1973,15.29,1.04,58.79,4640.77
DEU,1974,14.88,1.09,67.37,5320.11
DEU,1975,14.33,1.15,76.31,6003.89
DEU,1976,14.23,1.14,84.14,6590.88
DEU,1977,13.85,1.1,89.66,7007.89
DEU,1978,13.96,1.12,101.8,7949.67
DEU,1979,13.88,1.1,111.14,8683.28
DEU,1980,13.9,1.13,126.19,9879.39
DEU,1981,13.98,1.17,141.85,11122.32
DEU,1982,13.99,1.15,146.13,11446.7
DEU,1983,14.21,1.17,156.96,12262.94
DEU,1984,14.27,1.19,170.75,13294.14
DEU,1985,14.3,1.21,185.72,14427.63
DEU,1986,14.36,1.2,199.07,15471.42
DEU,1987,14.59,1.24,215.97,16811.32
DEU,1988,14.63,1.27,236.54,18484.17
DEU,1989,14.82,1.2,236.53,18626.96
DEU,1990,14.71,1.18,253.63,20146.44
DEU,1992,15.36,1.38,310.2,25009.43
DEU,1993,13.77,1.24,280.89,22796.09
DEU,1994,13.38,1.24,292.93,23855.41
DEU,1995,13.18,1.26,309.58,25286.14
DEU,1996,13.46,1.32,333.77,27340.63
DEU,1997,13.44,1.31,335.39,27513.23
DEU,1998,13.95,1.36,357.93,29367.4
DEU,1999,13.99,1.37,377.4,30984.47
DEU,2000,14.07,1.39,407.47,33498.64
DEU,2001,14.68,1.46,441.87,36388.29
DEU,2002,14.91,1.52,483.02,39843.76
DEU,2003,14.82,1.54,493.46,40726.9
DEU,2004,14.01,1.42,475.3,39220.23
DEU,2005,15.11,1.56,518.4,42752.48
DEU,2006,14.97,1.52,533.93,43983.09
DEU,2007,15.31,1.54,574.36,47250.27
DEU,2008,15.34,1.57,606.59,49806.75
DEU,2009,15.22,1.71,632.66,51816.4
DEU,2010,15,1.66,663.25,54238.47
DEU,2011,14.29,1.54,652.43,52373.81
DEU,2012,14.13,1.53,670.59,53932.99
DEU,2013,14.01,1.54,693.51,55928.53
DEU,2014,14.36,1.58,739.79,59909.72
DEU,2015,14.37,1.61,761.45,62200.11
DEU,2016,14.44,1.62,819.48,67482.92
DEU,2017,14.22,1.61,850.08,70265.39
DEU,2018,14.18,1.63,891.86,73940.43
DEU,2019,13.71,1.61,880.2,73138.34
DEU,2020,13.64,1.73,947.68,78809.81
DEU,2021,13.87,1.79,1042.46,86728.58
DNK,1980,6.3,0.53,50.23,257.31
DNK,1981,6.15,0.53,53.59,274.47
DNK,1982,6.19,0.53,59.18,302.86
DNK,1983,6.41,0.54,64.29,328.78
DNK,1984,6.63,0.53,67.99,347.52
DNK,1985,6.86,0.55,75.96,388.45
DNK,1986,7.28,0.56,84.95,435
DNK,1987,6.89,0.56,86.18,441.84
DNK,1988,7.33,0.6,96.27,493.8
DNK,1989,7.02,0.57,95.46,489.97
DNK,1990,7.62,0.61,109.86,564.79
DNK,1991,8.15,0.65,120.87,622.99
DNK,1992,8.12,0.65,126.26,652.96
DNK,1993,8.69,0.72,143.14,742.71
DNK,1994,9.05,0.73,154.56,804.68
DNK,1995,9.33,0.73,160,837.35
DNK,1996,9.16,0.72,166.17,874.54
DNK,1997,9.3,0.72,175.84,929.29
DNK,1998,10.37,0.78,198.45,1052.6
DNK,1999,9.05,0.76,197.47,1050.92
DNK,2000,9.07,0.74,212.72,1135.84
DNK,2001,8.98,0.76,222.1,1190.16
DNK,2002,9.41,0.82,255.15,1371.67
DNK,2003,9.24,0.82,251.66,1356.57
DNK,2004,8.92,0.8,260.56,1408.21
DNK,2005,8.58,0.78,258.68,1401.9
DNK,2006,8.72,0.8,286.76,1559.17
DNK,2007,8.89,0.83,316.62,1729.22
DNK,2008,8.33,0.79,314.6,1728.27
DNK,2009,7.61,0.81,305.73,1688.59
DNK,2010,7.9,0.84,336.88,1868.89
DNK,2011,7.68,0.8,327.6,1824.9
DNK,2012,7.23,0.76,320.08,1789.75
DNK,2013,6.83,0.7,308.59,1732.72
DNK,2014,6.77,0.7,310.75,1753.73
DNK,2015,6.71,0.69,316.72,1800.07
DNK,2016,6.58,0.67,321.82,1843.41
DNK,2017,6.51,0.66,332.76,1918.35
DNK,2018,6.44,0.65,341.55,1978.83
DNK,2019,6.6,0.67,353.82,2057.25
DNK,2020,6.53,0.69,372.05,2169.54
DNK,2021,5.85,0.63,372.62,2182.35
DNK,2022,6.4,0.61,401.69,2371.17
ESP,1980,21.81,1.08,72.03,2700.41
ESP,1981,21.47,1.09,77.45,2924.29
ESP,1982,22.19,1.15,86.33,3279.14
ESP,1983,20.64,1.1,86.81,3313.78
ESP,1984,19.24,0.99,82.61,3166.55
ESP,1985,21.03,1.06,93.58,3599.82
ESP,1986,19.65,0.98,92.7,3576.95
ESP,1987,19.32,0.98,100.82,3900.05
ESP,1988,18.4,1.04,117.33,4548.68
ESP,1989,18.8,1.08,134.07,5205.6
ESP,1990,18.56,1.13,152.48,5926.45
ESP,1995,19.78,1.39,222.78,8849.56
ESP,1996,20.28,1.43,239.2,9541.53
ESP,1997,21.32,1.48,262.64,10520.71
ESP,1998,21.66,1.49,282.03,11344.28
ESP,1999,22.12,1.53,303.14,12242.68
ESP,2000,21.96,1.49,334.65,13576.2
ESP,2001,21.95,1.49,359,14665.09
ESP,2002,22.65,1.54,408.5,16924.71
ESP,2003,21.42,1.62,431.59,18207.72
ESP,2004,20.68,1.58,438.98,18842.03
ESP,2005,19.94,1.54,441.06,19253.79
ESP,2006,18.82,1.47,450.57,20003.88
ESP,2007,18.09,1.43,449.58,20333.2
ESP,2008,17.48,1.47,467.14,21466.82
ESP,2009,17.23,1.57,472.57,21909.64
ESP,2010,17.05,1.56,466.75,21739.77
ESP,2011,16.33,1.5,446.39,20865.47
ESP,2012,15.81,1.45,431.25,20171.07
ESP,2013,16.28,1.48,449.96,20976.97
ESP,2014,15.61,1.42,446.08,20734.38
ESP,2015,15.3,1.4,461.93,21454.08
ESP,2016,15.88,1.42,499.86,23235.71
ESP,2017,15.39,1.38,510.51,23786.27
ESP,2018,15.22,1.37,521.52,24405.96
ESP,2019,14.75,1.35,520.4,24528.97
ESP,2020,15.08,1.62,560.41,26543.95
ESP,2021,14.55,1.56,594.8,28202.68
EST,1999,19.97,1.13,101.9,141.67
EST,2000,22.79,1.18,123.76,172.89
EST,2001,25.52,1.22,139.14,193.14
EST,2002,27.16,1.28,169.66,234.02
EST,2003,24.31,1.25,179.99,246.72
EST,2004,24.58,1.31,208.69,284.35
EST,2005,22.06,1.17,205.45,278.34
EST,2006,20.15,1,199.17,268.24
EST,2007,19.12,0.99,226.42,303.56
EST,2008,18.03,1.07,242.69,324.5
EST,2009,19.12,1.31,261.29,348.7
EST,2010,19.62,1.29,278.95,371.41
EST,2011,19.02,1.16,278.92,370.24
EST,2012,19.29,1.18,305.29,403.8
EST,2013,18.51,1.16,316.2,416.75
EST,2014,17.99,1.15,327.71,430.78
EST,2015,17.54,1.17,340.32,447.65
EST,2016,18.41,1.23,385.89,507.74
EST,2017,17.56,1.16,386.47,509.13
EST,2018,17.37,1.16,410.73,542.97
EST,2019,16.6,1.13,407.2,540.31
EST,2020,15.45,1.17,421.95,560.99
EST,2021,14.7,1.1,451.76,601.27
FIN,1970,13.82,0.69,20.99,96.66
FIN,1971,14.43,0.76,24.95,115.07
FIN,1972,14.4,0.78,28.06,130.2
FIN,1973,13.74,0.72,29.56,137.94
FIN,1974,13.36,0.69,32.7,153.36
FIN,1975,12.87,0.73,36.77,173.23
FIN,1976,12.75,0.76,40.97,193.63
FIN,1977,12.69,0.79,44.42,210.51
FIN,1978,12.69,0.78,48.26,229.34
FIN,1979,11.98,0.72,52.02,247.86
FIN,1980,11.22,0.66,55.27,264.18
FIN,1981,10.9,0.66,60.43,290.05
FIN,1982,10.39,0.64,63.25,305.31
FIN,1983,10.64,0.66,70.14,340.58
FIN,1984,10.57,0.66,75.6,369.08
FIN,1985,10.17,0.68,81.96,401.78
FIN,1986,10.08,0.68,87.04,428.08
FIN,1987,10.07,0.69,95.32,470.14
FIN,1988,9.97,0.67,102.52,507.13
FIN,1989,9.81,0.66,111.3,552.53
FIN,1990,9.86,0.72,124.45,620.54
FIN,1991,10.34,0.86,139.66,700.2
FIN,1992,11.17,0.95,148.99,751.21
FIN,1993,12.65,0.99,155.15,786.06
FIN,1994,13.73,1,167.29,851.23
FIN,1995,14.32,1.05,192.79,984.74
FIN,1996,14.88,1.11,210.96,1081.07
FIN,1997,15.24,1.09,224.89,1155.92
FIN,1998,14.65,1,223.2,1150.23
FIN,1999,15.57,1.06,250.55,1294.21
FIN,2000,15.04,1.07,282.2,1460.72
FIN,2001,15.47,1.12,306.6,1590.62
FIN,2002,15.65,1.19,344.58,1792.03
FIN,2003,15.55,1.23,354.07,1845.77
FIN,2004,15.66,1.26,388.05,2028.77
FIN,2005,15.74,1.3,405.02,2124.76
FIN,2006,14.15,1.17,389.56,2051.54
FIN,2007,14.17,1.15,425.84,2252.13
FIN,2008,14.09,1.18,457.12,2428.85
FIN,2009,13.56,1.24,445,2375.8
FIN,2010,13.04,1.19,446.76,2396.15
FIN,2011,12.46,1.15,448.47,2416.49
FIN,2012,12.16,1.17,460.32,2492.16
FIN,2013,12.01,1.18,472.55,2570.2
FIN,2014,11.81,1.16,467.22,2551.72
FIN,2015,12.14,1.17,484.53,2655.01
FIN,2016,12.57,1.18,515.99,2835.54
FIN,2017,12.24,1.12,515.95,2841.97
FIN,2018,12.4,1.12,536.8,2960.74
FIN,2019,12.36,1.13,541.88,2992.05
FIN,2020,12.29,1.18,567.34,3137.1
FIN,2021,11.27,1.16,591.86,3279.53
FRA,1970,24.41,1.27,46.91,2439.55
FRA,1975,20.74,1.28,75.42,4072.63
FRA,1980,16.39,1.11,108.14,5977.35
FRA,1985,16.58,1.27,165.96,9404.23
FRA,1990,17.28,1.38,252.16,14691.21
FRA,1991,17.7,1.46,275.81,16149.55
FRA,1992,17.62,1.49,290.91,17119.24
FRA,1993,18,1.59,315.67,18656.9
FRA,1994,17.9,1.58,325.22,19293.39
FRA,1995,15.39,1.52,323.39,19255
FRA,1996,15.22,1.51,330.29,19736.02
FRA,1997,15.46,1.51,345.82,20737.86
FRA,1998,15.87,1.53,368.53,22181.89
FRA,1999,16.4,1.58,398.62,24117.12
FRA,2000,16.9,1.62,454.16,27666.82
FRA,2001,17.33,1.68,498.36,30581.67
FRA,2002,17.19,1.72,541.76,33487.22
FRA,2003,17.56,1.77,536.66,33406.88
FRA,2004,17.63,1.79,559.04,35056.3
FRA,2005,17.57,1.8,573.54,36236.49
FRA,2006,16.88,1.75,581.56,36999.95
FRA,2007,16.57,1.71,594.43,38053.24
FRA,2008,16.26,1.71,606.49,39042.99
FRA,2009,15.71,1.77,609.67,39449.44
FRA,2010,15.37,1.73,621.64,40423.15
FRA,2011,14.97,1.67,622.84,40696.69
FRA,2012,14.42,1.63,619.83,40696.39
FRA,2013,14.9,1.7,676.5,44647.4
FRA,2014,14.7,1.7,680.26,45109.12
FRA,2015,14.42,1.65,673.38,44812.28
FRA,2016,14.13,1.62,695.4,46400.01
FRA,2017,14.09,1.6,705.24,47193.33
FRA,2018,13.7,1.54,698.52,46911.72
FRA,2019,13.5,1.5,696.84,46954.65
FRA,2020,13.64,1.66,743.84,50284.07
FRA,2021,12.54,1.54,765.58,51938.76
GBR,1970,15.82,0.63,19.61,1091.78
GBR,1971,15.99,0.64,21.46,1199.37
GBR,1972,15.6,0.64,23.05,1292.84
GBR,1973,15.01,0.6,24.36,1368.73
GBR,1974,14.96,0.7,29.43,1654.74
GBR,1975,12.71,0.63,28.64,1610.48
GBR,1976,13.11,0.65,32.06,1802.38
GBR,1977,13.65,0.66,35.61,2001.16
GBR,1978,13.85,0.67,40.44,2272.47
GBR,1979,13.63,0.65,44.47,2501.13
GBR,1980,13.53,0.69,52.1,2933.69
GBR,1981,13.38,0.71,58.08,3271.59
GBR,1982,14.49,0.74,64.98,3659.04
GBR,1983,14.29,0.76,71.72,4040.19
GBR,1984,15.16,0.79,79.04,4459.71
GBR,1985,15.01,0.77,82.49,4664.61
GBR,1986,15.07,0.77,87.2,4942.56
GBR,1987,14.47,0.75,91.87,5218.29
GBR,1988,14.66,0.75,100.89,5743.73
GBR,1989,14.78,0.74,109.31,6238.83
GBR,1990,14.49,0.74,113.36,6489.82
GBR,1991,14.7,0.81,123.89,7114.26
GBR,1992,15.09,0.9,140.46,8087.57
GBR,1993,15.52,0.93,154.53,8919.37
GBR,1994,15.95,0.97,168.84,9770.23
GBR,1995,16.13,0.9,176.42,10235.95
GBR,1996,16.55,0.92,193.85,11275.84
GBR,2013,12.3,1.21,449.82,28846.05
GBR,2014,12.18,1.2,456.26,29475.25
GBR,2015,12.08,1.18,458.25,29839.25
GBR,2016,11.96,1.16,471.39,30928.85
GBR,2017,11.75,1.13,474.68,31357.08
GBR,2018,11.25,1.1,471.31,31323.49
GBR,2019,10.98,1.09,481.75,32198.4
GBR,2020,10.58,1.29,528.75,35469.34
GBR,2021,9.46,1.17,517.29,34671.9
GRC,1988,15.39,0.84,95.01,953.63
GRC,1989,14.15,0.85,104.16,1050.87
GRC,1990,14.94,0.91,115.6,1178.76
GRC,1991,17.08,1.01,135.99,1403.4
GRC,1992,17.8,1.15,158.03,1643.35
GRC,1993,17.28,1.26,173.09,1810.6
GRC,1994,16.73,1.34,190.82,2006.05
GRC,1995,16.31,1.3,194.26,2051.84
GRC,1996,16.69,1.32,206,2185.44
GRC,1997,16.87,1.3,217.48,2318.59
GRC,1998,14.48,1.1,192.31,2061.69
GRC,1999,15.08,1.17,209.65,2256.21
GRC,2000,19.87,1.44,281.85,3045.66
GRC,2001,19.08,1.52,324.46,3524.32
GRC,2002,19.95,1.64,389.24,4243.5
GRC,2003,24.57,2.08,503.4,5501.18
GRC,2004,24.72,2,519.22,5688.17
GRC,2005,24.94,2.14,547.18,6011.98
GRC,2006,26.71,2.21,615.12,6778.87
GRC,2007,26.85,2.26,651.2,7194.78
GRC,2008,27.57,2.43,734.77,8139.67
GRC,2009,27.35,2.57,748.16,8309.81
GRC,2010,28.77,2.76,749.83,8339.07
GRC,2011,30.98,2.85,709.33,7877.02
GRC,2012,29,2.59,622.25,6872.77
GRC,2013,27.42,2.31,572.58,6278.43
GRC,2014,28.24,2.23,567.98,6186.64
GRC,2015,27.23,2.24,578.16,6256.2
GRC,2016,27.95,2.36,631.25,6802.37
GRC,2017,28.75,2.34,647.11,6959.49
GRC,2018,27.34,2.22,632.89,6792.73
GRC,2019,28.35,2.32,666.09,7141.57
GRC,2020,30.2,2.87,750.76,8032.09
GRC,2021,27.05,2.48,740.12,7822.51
HRV,2011,29.87,2.23,449.42,1923.8
HRV,2012,30.08,2.26,465.81,1984.54
HRV,2013,25.35,1.63,349.07,1477.94
HRV,2014,22.07,1.46,318.19,1336.89
HRV,2015,21.07,1.41,320.9,1332.27
HRV,2016,21.67,1.46,362.97,1490.69
HRV,2017,21.59,1.44,380.54,1537.93
HRV,2018,20.51,1.38,385.93,1539.39
HRV,2019,20.24,1.38,413.62,1633.56
HRV,2020,20.87,1.61,450.48,1763.28
HRV,2021,18,1.46,469.01,1819.29
HUN,1991,30.08,1.91,177.44,1840.64
HUN,1992,28.86,1.98,180.99,1876.77
HUN,1993,30.69,2.12,198.82,2059.31
HUN,1994,30.35,2.24,220.83,2284.08
HUN,1995,26.71,1.8,183.1,1891.22
HUN,1996,27.27,1.81,188.95,1948.29
HUN,1997,27.64,1.74,192.99,1985.98
HUN,2001,29.67,2.03,295.57,3011.11
HUN,2002,28.95,2.06,337.88,3432.42
HUN,2003,27.59,2.24,376.61,3814.89
HUN,2004,29.11,2.26,402.12,4064.3
HUN,2005,31.27,2.5,457.64,4616.26
HUN,2006,31.98,2.49,483.38,4868.31
HUN,2007,31.62,2.28,452.14,4546.66
HUN,2008,31.91,2.26,476.31,4781.3
HUN,2009,32.86,2.37,490.5,4916.14
HUN,2010,33.27,2.48,554.39,5543.92
HUN,2011,35,2.62,614.46,6127.24
HUN,2012,32.58,2.41,575.52,5709.34
HUN,2013,30.29,2.19,551.81,5459.13
HUN,2014,30.11,2.12,561.22,5537.25
HUN,2015,29.8,2.04,563.6,5547.48
HUN,2016,29.47,2.06,589.38,5784.18
HUN,2017,27.75,1.87,554.63,5428.69
HUN,2018,26.76,1.76,563.84,5511.87
HUN,2019,27.44,1.72,574.81,5616.56
HUN,2020,25.66,1.87,621.51,6059.77
HUN,2021,23,1.7,632.29,6139.5
IRL,1975,14.75,0.97,37.2,118.65
IRL,1976,14.87,0.96,38.9,125.96
IRL,1977,14.72,0.9,41.41,135.91
IRL,1978,14.19,0.92,48.62,161.85
IRL,1979,13.19,0.9,52.11,175.79
IRL,1980,11.71,0.88,55.67,189.98
IRL,1981,10.53,0.75,51.75,178.71
IRL,1982,10.55,0.73,54.49,189.92
IRL,1983,10.12,0.71,54.89,192.7
IRL,1984,10.51,0.72,59.54,210.31
IRL,1985,10.54,0.72,63.93,226.18
IRL,1986,11.04,0.75,68.51,242.49
IRL,1987,11.55,0.75,73.84,261.39
IRL,1988,12.02,0.74,79.8,281.3
IRL,1989,12.99,0.75,91.09,319.82
IRL,1990,12.78,0.72,96.09,337.64
IRL,1991,12,0.73,100.72,355.98
IRL,1992,11.89,0.75,109.33,389.03
IRL,1993,11.97,0.76,118.81,424.9
IRL,1994,12.1,0.76,125.91,452.08
IRL,1995,12.04,0.74,136.15,491.35
IRL,1996,12.88,0.76,152.74,555.59
IRL,1997,12.56,0.73,161.81,594.53
IRL,1998,13.21,0.74,184.4,684.62
IRL,1999,13.97,0.78,209.32,785.94
IRL,2000,14.18,0.84,259.4,987.05
IRL,2001,14.44,0.92,308.1,1191.18
IRL,2002,14.78,0.99,357.49,1405.63
IRL,2003,15.09,1.06,389.1,1555.03
IRL,2004,15.66,1.13,439.1,1787.24
IRL,2005,15.47,1.18,478.63,1991.06
IRL,2006,16.47,1.24,527.66,2254.99
IRL,2007,16.36,1.28,553.51,2434.85
IRL,2008,15.95,1.46,581.23,2609.44
IRL,2009,15.14,1.59,583.46,2646.22
IRL,2010,14.82,1.56,600.15,2736.79
IRL,2011,14.05,1.49,588.29,2694.41
IRL,2012,14.17,1.5,616.25,2834.47
IRL,2013,13.26,1.36,568.4,2628.18
IRL,2014,12.95,1.23,542.06,2524.77
IRL,2015,12.72,0.93,548.01,2576.71
IRL,2016,12.71,0.95,578.51,2751
IRL,2017,12.59,0.9,589.56,2834.22
IRL,2018,12.16,0.84,593.09,2886.75
IRL,2019,11.5,0.77,572.24,2823.61
IRL,2020,11.38,0.81,611.83,3050.2
IRL,2021,10.67,0.72,625.37,3147.56
ISL,1970,17.13,0.8,28.44,5.81
ISL,1971,17.31,0.88,38.4,7.91
ISL,1972,17.84,0.89,43.42,9.08
ISL,1973,16.6,0.76,42.8,9.09
ISL,1974,13.78,0.72,46.62,10.03
ISL,1975,16.23,0.92,58.28,12.7
ISL,1976,14.85,0.79,56.6,12.46
ISL,1977,14.55,0.76,65.76,14.59
ISL,1978,14.51,0.82,80.92,18.09
ISL,1979,13.52,0.86,92.84,20.96
ISL,1980,16.63,0.98,120.03,27.38
ISL,1981,15.58,0.94,128.12,29.56
ISL,1982,16.1,1.02,149,34.85
ISL,1983,18.21,1.26,179.24,42.48
ISL,1984,17.06,1.11,164.26,39.34
ISL,1985,17.41,1.18,182.19,43.98
ISL,1986,16.51,1.19,206.05,50.11
ISL,1987,15.35,1.14,225.96,55.56
ISL,1988,14.69,1.17,234.68,58.61
ISL,1989,15.35,1.2,239.01,60.43
ISL,1990,13.98,1.04,220.22,56.12
ISL,1991,12.78,0.97,212.39,54.75
ISL,1992,13.31,1.04,221.75,57.89
ISL,1993,12.78,1.01,216.99,57.22
ISL,1994,13.42,1.04,235.05,62.53
ISL,1995,13.79,1.08,249.76,66.8
ISL,1996,14.28,1.13,269.33,72.43
ISL,1997,15.49,1.2,312.75,84.79
ISL,1998,14.5,1.23,338.45,92.75
ISL,1999,14.4,1.27,370.92,102.89
ISL,2000,15.98,1.42,424.77,119.45
ISL,2001,15.54,1.36,427.57,121.84
ISL,2002,15.4,1.45,470.92,135.4
ISL,2003,15.59,1.52,484.45,140.26
ISL,2004,15.62,1.46,509.52,148.82
ISL,2005,14.72,1.32,482.89,143.29
ISL,2006,14.52,1.24,492.81,149.71
ISL,2007,13.88,1.16,494.02,153.92
ISL,2008,14.87,1.24,537.29,170.54
ISL,2009,15.93,1.4,554.65,176.66
ISL,2010,16.28,1.36,531.34,168.99
ISL,2011,15.62,1.28,517.48,165.08
ISL,2012,14.99,1.23,509.66,163.46
ISL,2013,13.9,1.14,486.27,157.44
ISL,2014,12.97,1.07,466.9,152.85
ISL,2015,12.64,1.02,472.05,156.16
ISL,2016,11.59,0.94,455.67,152.85
ISL,2017,10.95,0.91,450.2,154.6
ISL,2018,10.76,0.9,455.71,160.74
ISL,2019,11.08,0.95,478.53,172.54
ISL,2020,11.43,1.1,529.27,193.96
ISL,2021,11.85,1.15,604.98,225.37
ISL,2022,11.9,1.02,632.48,241.61
ISR,2006,13.33,0.9,232.58,1640.58
ISR,2007,13.6,0.91,252.13,1810.33
ISR,2008,13.44,0.92,247.08,1805.84
ISR,2009,14.01,0.97,267.54,2002.7
ISR,2010,13.62,0.94,268.49,2046.88
ISR,2011,13.44,0.92,279.71,2172.13
ISR,2012,13.25,0.92,294.6,2330.46
ISR,2013,12.96,0.9,290.03,2337.5
ISR,2014,12.86,0.91,287.71,2363.72
ISR,2015,13.4,0.94,309.57,2594.21
ISR,2016,13.06,0.93,329.68,2817.47
ISR,2017,12.71,0.91,333.69,2907.54
ISR,2018,13.25,0.96,364.15,3234.64
ISR,2019,13.32,0.96,360.88,3267.36
ISR,2020,15.71,1.21,451.62,4161.74
ITA,1988,23.07,1.53,242.88,13754.18
ITA,1989,23.29,1.55,261.49,14818.99
ITA,1990,21.43,1.5,273.02,15485.49
ITA,1991,20.92,1.51,290.28,16476.03
ITA,1992,21.47,1.52,301.41,17119.32
ITA,1993,20.35,1.44,284.56,16172.06
ITA,1994,20.12,1.39,284.26,16158.25
ITA,1995,19.53,1.34,286.14,16265.32
ITA,1996,19.97,1.39,305.29,17358.76
ITA,1997,20.18,1.46,333.38,18966.34
ITA,1998,20.64,1.5,358.5,20401.07
ITA,1999,21.18,1.55,381.62,21720.35
ITA,2000,21.16,1.6,429.62,24463.47
ITA,2001,21.92,1.7,471.65,26872.01
ITA,2002,21.87,1.72,501.31,28603.97
ITA,2003,21.38,1.67,489.34,28045.7
ITA,2004,21,1.71,514.62,29686.14
ITA,2005,20.37,1.7,510.09,29569.77
ITA,2006,20.12,1.7,535.79,31152.85
ITA,2007,20,1.63,539.19,31509.24
ITA,2008,19.19,1.64,562.6,33096.04
ITA,2009,18.96,1.7,557.06,32919.66
ITA,2010,18.75,1.67,582.1,34505.09
ITA,2011,18.54,1.63,574.55,34116.52
ITA,2012,16.63,1.46,510.92,30419.79
ITA,2013,17.06,1.5,519.22,31274.91
ITA,2014,17.01,1.51,516.48,31396.31
ITA,2015,17.86,1.58,551.7,33505.24
ITA,2016,17.65,1.54,577.77,35028.51
ITA,2017,17.61,1.53,594.49,35988.41
ITA,2018,17.9,1.55,625.64,37802.09
ITA,2019,18.27,1.58,651.27,38899.46
ITA,2020,17.66,1.7,662.61,39384.9
ITA,2021,17.11,1.61,691.71,40902.89
ITA,2022,17.44,1.57,748.08,44147
JPN,1980,21.18,1.3,113.32,13236.92
JPN,1984,19.46,1.21,145.15,17430.17
JPN,1985,17.97,1.14,147.09,17773.91
JPN,1986,18.89,1.19,162.44,19733.78
JPN,1987,20.27,1.27,185.83,22683.59
JPN,1988,20.63,1.24,199.97,24511.55
JPN,1989,22.32,1.29,227.94,28051.98
JPN,1990,21.42,1.21,233.28,28805.19
JPN,1991,22.87,1.3,266.74,33066.65
JPN,1992,22.01,1.3,275.87,34325
JPN,1993,22.26,1.38,296.49,37010.55
JPN,1994,21.06,1.36,299.07,37436.98
JPN,1995,21.04,1.3,297.37,37311.36
JPN,1996,21.04,1.27,302.19,38002.76
JPN,1997,19.5,1.23,298.21,37591.96
JPN,1998,17.94,1.17,281.88,35629.76
JPN,1999,18.15,1.25,302.76,38338.3
JPN,2000,18.41,1.3,340.1,43139.05
JPN,2001,18.86,1.37,366.91,46652.62
JPN,2002,18.64,1.37,384.94,49058.93
JPN,2003,19.53,1.46,428.52,54729.46
JPN,2004,19.46,1.47,448.28,57272.45
JPN,2005,19.79,1.52,489.16,62501.19
JPN,2006,19.79,1.52,506.85,64803.06
JPN,2007,19.97,1.55,537.23,68766.49
JPN,2008,19.9,1.61,557.04,71336.34
JPN,2009,20.98,1.88,623.45,79831.16
JPN,2010,20.47,1.86,648.83,83095.66
JPN,2011,18.91,1.98,707.42,90431.49
JPN,2012,18.89,2.02,749.96,95716.64
JPN,2013,18.85,2.01,812.27,103519.5
JPN,2014,18.8,2.02,813.86,103584.72
JPN,2015,19.74,2.12,891.14,113299.92
JPN,2016,18.57,1.98,797.7,101368.91
JPN,2017,18.27,1.95,806.32,102380.57
JPN,2018,17.8,1.91,810.49,102779.43
JPN,2019,20.7,2.27,954.45,120865.12
JPN,2020,18.1,1.99,835.93,105545.36
KOR,1970,20.5,0.54,3.98,128.19
KOR,1971,19.62,0.45,3.63,119.3
KOR,1972,20.1,0.42,3.75,125.78
KOR,1973,20.08,0.36,3.85,131.4
KOR,1974,19.95,0.31,3.83,132.73
KOR,1975,20.46,0.48,6.51,229.5
KOR,1976,20.91,0.49,7.97,285.64
KOR,1977,20.38,0.45,8.55,311.18
KOR,1978,20.88,0.5,11.12,411.21
KOR,1979,21.14,0.66,16.95,636.13
KOR,1980,21.06,0.72,19.31,736.06
KOR,1981,21.52,0.77,23.16,896.83
KOR,1982,21.54,0.76,25.94,1020.09
KOR,1983,21.54,0.74,29.49,1176.88
KOR,1984,21.32,0.69,31.63,1278.2
KOR,1985,21.45,0.7,35.48,1447.67
KOR,1986,21.47,0.68,39.33,1620.93
KOR,1987,21.48,0.66,44.31,1844.09
KOR,1988,21.15,0.68,52.78,2218.49
KOR,1989,21.51,0.79,67.74,2875.67
KOR,1990,21.22,0.77,75.14,3221.37
KOR,1991,21.22,0.73,79.72,3451.58
KOR,1992,20.58,0.73,85.53,3741.85
KOR,1993,21.28,0.74,93.46,4130.43
KOR,1994,22.39,0.74,101.43,4527.95
KOR,1995,22.9,0.76,115.41,5203.96
KOR,1996,22.84,0.81,130.48,5939.97
KOR,1997,23.07,0.8,135.67,6234.52
KOR,1998,22.29,0.81,128.67,5955.87
KOR,1999,22.41,0.86,147.51,6876.52
KOR,2000,24.48,0.94,175.57,8253.12
KOR,2001,26.52,1.14,221.64,10498.89
KOR,2002,27.74,1.11,236.97,11290.56
KOR,2003,28.56,1.22,269.09,12887.39
KOR,2004,28.51,1.22,286.45,13773.43
KOR,2005,27.58,1.25,308.16,14848.75
KOR,2006,28.06,1.36,351.33,17017.83
KOR,2007,27.47,1.36,381.91,18592.52
KOR,2008,26.4,1.39,399.11,19578.13
KOR,2009,25.94,1.47,427.54,21080.97
KOR,2010,25.16,1.46,464.66,23025.96
KOR,2011,24.66,1.46,477.44,23841.65
KOR,2012,23.78,1.44,484.62,24327.8
KOR,2013,22.59,1.39,473.38,23871.78
KOR,2014,21.75,1.39,480.07,24361.8
KOR,2015,21.06,1.39,519.36,26495.07
KOR,2016,20.98,1.44,554.94,28422.91
KOR,2017,20.61,1.45,574.41,29502.64
KOR,2018,20.16,1.51,618.33,31896.64
KOR,2019,19.5,1.59,641.8,33222.51
KOR,2020,20.12,1.68,722.45,37448.83
KOR,2021,17.68,1.65,740.5,38335.4
KOR,2022,17.58,1.71,803.25,41506.04
LTU,2004,33.91,1.87,267.72,904.1
LTU,2005,34.34,1.94,304.16,1010.58
LTU,2006,30.99,1.81,313.35,1024.62
LTU,2007,28.47,1.64,329.98,1066.28
LTU,2008,26.13,1.65,351.98,1125.71
LTU,2009,26.66,1.96,352.77,1115.79
LTU,2010,26.72,1.82,366.47,1135.05
LTU,2011,26.04,1.69,386.6,1170.66
LTU,2012,28.94,1.82,453.82,1355.9
LTU,2013,28.17,1.73,468.4,1385.37
LTU,2014,27.84,1.72,495.94,1454.28
LTU,2015,26.87,1.74,515.11,1496.34
LTU,2016,27.19,1.81,570.37,1635.95
LTU,2017,24.01,1.55,535.54,1514.73
LTU,2018,22.05,1.44,528.6,1480.88
LTU,2019,22.46,1.57,602.34,1683.03
LTU,2020,21.62,1.62,622.44,1739.65
LTU,2021,19.62,1.54,654.75,1833.85
LUX,1976,17.59,0.71,60.13,21.69
LUX,1977,16.39,0.72,63.01,22.77
LUX,1978,16.29,0.75,74.61,27.01
LUX,1979,15.97,0.75,83.7,30.37
LUX,1980,15.58,0.75,93.15,33.92
LUX,1981,15.69,0.77,102.72,37.52
LUX,1982,15.16,0.73,103.47,37.82
LUX,1983,14.99,0.71,106.37,38.89
LUX,1984,15.4,0.71,115.81,42.39
LUX,1985,16.11,0.76,128.67,47.18
LUX,1986,16.36,0.76,144.59,53.26
LUX,1987,16.15,0.82,164.38,60.94
LUX,1988,15.49,0.81,183.43,68.5
LUX,1989,15.67,0.8,207.18,78.13
LUX,1990,14.94,0.79,220.45,84.18
LUX,1991,15,0.76,232.56,90
LUX,1994,12.25,0.65,227.52,91.67
LUX,1995,12.04,0.66,252.51,103.18
LUX,1996,11.52,0.64,255.56,105.86
LUX,1997,12.65,0.67,287.12,120.43
LUX,1998,12.31,0.67,298.88,126.93
LUX,1999,11.97,0.67,338.32,145.64
LUX,2000,11.04,0.65,376.49,164.26
LUX,2001,10.96,0.7,407.02,179.71
LUX,2002,10.88,0.74,462.21,206.23
LUX,2003,10.97,0.76,483.74,218.47
LUX,2004,10.41,0.76,497.27,227.8
LUX,2005,10.21,0.73,498.27,231.78
LUX,2006,10.2,0.68,525.62,248.43
LUX,2007,10.67,0.66,542.91,260.59
LUX,2008,10.23,0.64,555.41,271.4
LUX,2009,9.86,0.69,563.01,280.26
LUX,2010,9.67,0.64,543.84,275.7
LUX,2011,8.88,0.53,428.82,222.28
LUX,2012,12.53,0.66,554.23,294.27
LUX,2013,12.2,0.64,565.57,307.31
LUX,2014,11.7,0.61,550.61,306.31
LUX,2015,11.68,0.59,548.09,312.2
LUX,2016,11.6,0.59,565.79,329.3
LUX,2017,11.43,0.59,570.39,340.14
LUX,2018,11.28,0.6,596.77,362.81
LUX,2019,10.6,0.58,570.33,353.6
LUX,2020,10.81,0.62,610.83,385.08
LUX,2021,10.9,0.62,683.99,437.8
LUX,2022,10.98,0.6,706.37,461.33
LVA,2004,23.68,1.47,188.59,426.79
LVA,2005,22.55,1.32,189.34,423.9
LVA,2006,23.18,1.32,217.58,482.66
LVA,2007,27.62,1.52,299.62,659.26
LVA,2008,21.48,1.2,240.27,523.14
LVA,2009,24.35,1.49,245.2,525.14
LVA,2010,25.79,1.57,277.59,582.25
LVA,2011,26.09,1.49,281.16,579.1
LVA,2012,25.52,1.38,295.05,600.23
LVA,2013,26.28,1.42,323.22,650.53
LVA,2014,26.97,1.47,346.97,691.78
LVA,2015,27.65,1.56,388.37,768.01
LVA,2016,28.29,1.74,456.48,894.48
LVA,2017,27.4,1.64,459.41,892.29
LVA,2018,26.49,1.64,492.91,949.92
LVA,2019,23.68,1.57,479.59,917.86
LVA,2020,22.89,1.66,509.94,969.11
LVA,2021,16.78,1.52,523.94,987.36
MEX,1999,18.94,0.83,90.21,8760.32
MEX,2000,19.94,0.89,103.11,10169.68
MEX,2001,19.89,0.96,112.92,11303.39
MEX,2002,21.64,1.1,129.95,13195.94
MEX,2003,35.89,2.09,247.28,25464.94
MEX,2004,35.05,2.09,269.15,28097.78
MEX,2005,35.6,2.08,274.71,29067.9
MEX,2006,34.73,1.96,285.49,30619.74
MEX,2007,33.93,1.96,295.38,32129.34
MEX,2008,33.14,1.89,298.25,32918.8
MEX,2009,32.45,1.99,295.99,33151.02
MEX,2010,25.48,1.46,227.7,25872.5
MEX,2011,22.59,1.25,206.05,23746.15
MEX,2012,23.39,1.33,227.68,26597.17
MEX,2013,22.56,1.31,226.22,26771.56
MEX,2014,23.04,1.28,227.96,27305.66
MEX,2015,22.63,1.3,240.5,29118.01
MEX,2016,22.73,1.26,250.62,30638.27
MEX,2017,22.97,1.25,252.54,31162.96
MEX,2018,22.65,1.22,254.19,31665.27
MEX,2019,22.16,1.21,247.52,31128.73
MEX,2020,21.52,1.34,263.92,33465.06
MEX,2021,22.1,1.34,279.02,35616.39
MLT,2014,17.32,1.57,516.2,224.32
MLT,2015,17.91,1.59,575.78,256.25
MLT,2016,16.53,1.48,570.59,259.82
MLT,2017,17.03,1.49,622.2,291.19
MLT,2018,16.8,1.44,633.74,307.13
MLT,2019,19.67,1.8,817.21,411.93
MLT,2020,21.96,2.36,947.61,488.34
NLD,1972,11.69,0.65,36.08,480.9
NLD,1973,11.18,0.63,38.21,513.5
NLD,1974,10.33,0.6,41.17,557.61
NLD,1975,9.89,0.61,44.81,612.35
NLD,1976,9.53,0.58,46.87,645.6
NLD,1977,9.18,0.57,49.72,688.96
NLD,1978,8.95,0.56,54.18,755.36
NLD,1979,8.65,0.56,58.29,818.35
NLD,1980,8.41,0.55,63.14,893.47
NLD,1981,8.38,0.55,67.71,964.69
NLD,1982,8.65,0.59,74.9,1072.08
NLD,1983,8.55,0.58,77.52,1113.74
NLD,1984,9.24,0.61,87.01,1254.98
NLD,1985,9.6,0.63,93.79,1359.11
NLD,1986,9.97,0.66,103.23,1504.33
NLD,1987,10.4,0.7,113.06,1658
NLD,1988,10.47,0.7,120.05,1771.93
NLD,1989,9.97,0.68,126.61,1880.08
NLD,1990,10.17,0.71,142.35,2128.32
NLD,1991,10.14,0.73,152.24,2294.29
NLD,1992,11,0.81,174.61,2651.28
NLD,1993,11.52,0.86,190.05,2905.87
NLD,1994,11.41,0.84,192.77,2965.33
NLD,1995,11.65,0.85,203.72,3149.36
NLD,1996,11.63,0.84,211.86,3290.28
NLD,1997,11.5,0.81,216.57,3380.78
NLD,1998,11.64,0.91,258.03,4052.95
NLD,1999,11.95,0.94,283.51,4482.93
NLD,2000,12.03,0.93,318.36,5069.97
NLD,2001,11.79,0.95,339.92,5454.48
NLD,2002,11.43,0.99,376.75,6084.13
NLD,2003,11.38,1.03,376.39,6107.06
NLD,2004,11.17,1.02,390.26,6354.19
NLD,2005,11.15,1.01,399.59,6521.26
NLD,2006,10.67,0.97,408.59,6678.87
NLD,2007,10.9,0.99,444.18,7276.37
NLD,2008,9.97,0.93,436.68,7181.53
NLD,2009,9.61,0.96,425.96,7041.35
NLD,2010,9.46,0.96,423.46,7036.02
NLD,2011,9.34,0.96,426.65,7122.02
NLD,2012,8.17,0.86,390.84,6548.46
NLD,2013,7.67,0.81,377.57,6344.77
NLD,2014,7.52,0.79,370.98,6256.51
NLD,2015,7.73,0.8,380.97,6453.53
NLD,2016,7.71,0.79,392.75,6688.67
NLD,2017,7.58,0.77,398.4,6825.02
NLD,2018,7.38,0.74,404.56,6971.26
NLD,2019,7.3,0.74,411.94,7145.03
NLD,2020,6.89,0.77,426.51,7438.92
NLD,2021,6.77,0.76,456.02,7995.37
NLD,2022,7.02,0.72,472.09,8356.51
NOR,1970,8.56,0.34,13.21,51.19
NOR,1971,7.93,0.34,14.24,55.58
NOR,1972,7.17,0.33,14.92,58.66
NOR,1973,7.06,0.34,16.76,66.36
NOR,1974,7.24,0.35,19.77,78.77
NOR,1975,7.1,0.37,23.28,93.27
NOR,1976,6.88,0.37,25.37,102.15
NOR,1977,6.36,0.35,26.82,108.42
NOR,1978,5.55,0.34,27.91,113.26
NOR,1979,5.79,0.32,30.41,123.84
NOR,1980,11.02,0.6,67.04,273.9
NOR,1981,10.85,0.59,73.48,301.25
NOR,1982,10.88,0.61,80.15,329.82
NOR,1983,10.67,0.62,86.6,357.52
NOR,1984,10.94,0.6,91.85,380.26
NOR,1985,10.66,0.58,96.85,402.18
NOR,1986,10.51,0.62,101.53,423.11
NOR,1987,10.32,0.64,107.11,448.45
NOR,1988,7.71,0.49,83.5,351.48
NOR,1989,8.14,0.5,90.75,383.57
NOR,1990,7.66,0.54,104.25,442.15
NOR,1991,7.8,0.57,115.54,492.4
NOR,1992,7.9,0.59,123.03,527.34
NOR,1993,10.1,0.75,162.16,699.24
NOR,1994,9.28,0.68,155.02,672.26
NOR,1995,9.51,0.69,168.36,733.93
NOR,1996,9.65,0.69,186.2,815.82
NOR,1997,9.63,0.75,211.8,933
NOR,1998,9.59,0.81,227.1,1006.38
NOR,1999,9.6,0.81,241.84,1079.06
NOR,2000,10.21,0.79,285.3,1281.29
NOR,2001,9.99,0.8,293.63,1325.36
NOR,2002,10.06,0.9,340.85,1546.82
NOR,2003,9.88,0.91,340.56,1554.63
NOR,2004,10.06,0.89,367.83,1689.06
NOR,2005,9.66,0.8,361.46,1671.14
NOR,2006,9.23,0.73,366.17,1706.6
NOR,2007,8.58,0.69,369.92,1742.03
NOR,2008,7.95,0.63,366.04,1745.36
NOR,2009,7.61,0.69,355.65,1717.34
NOR,2010,7.65,0.68,365.57,1787.38
NOR,2011,8,0.7,397.13,1967.02
NOR,2012,7.73,0.67,402.86,2021.79
NOR,2013,7.59,0.67,416.31,2114.71
NOR,2014,7.49,0.7,427.47,2196.01
NOR,2015,7.68,0.77,439.57,2280.77
NOR,2016,7.57,0.8,446.7,2338.27
NOR,2017,7.64,0.78,476.05,2512.1
NOR,2018,7.31,0.73,474.6,2521.06
NOR,2019,7,0.73,453.01,2422.65
NOR,2020,7.18,0.81,472.67,2542.69
NOR,2021,7.29,0.72,513.41,2776.68
NZL,1971,11.43,0.57,25.96,74.07
NZL,1976,10.64,0.64,43.19,134.34
NZL,1980,11.87,0.68,59.36,184.79
NZL,1981,10.84,0.62,61.06,190.82
NZL,1982,11.43,0.66,68.07,214.84
NZL,1983,11.96,0.67,75.85,242.68
NZL,1984,12.43,0.66,80.09,258.47
NZL,1985,13.31,0.65,80.63,261.83
NZL,1986,14.49,0.73,96.56,313.48
NZL,1987,14.7,0.82,112.83,369.45
NZL,1988,14.21,0.87,125.74,412.86
NZL,1989,14.34,0.9,136.47,450.23
NZL,1990,13.75,0.92,140.64,468.3
NZL,1991,14.07,1,150.42,525.75
NZL,1992,14.22,1.03,159.5,563.29
NZL,1993,14.85,1.03,174.08,621.84
NZL,1994,15.81,1.1,197.09,713.46
NZL,1995,14.78,1.03,193.03,709.08
NZL,1996,14.54,1,195.08,728.02
NZL,1997,14.36,1.02,203.75,770.44
NZL,2004,10.77,0.85,223.72,914.44
NZL,2005,10.7,0.89,234.75,970.41
NZL,2006,11.31,0.98,275.82,1154.18
NZL,2007,10.39,0.87,264.08,1115.44
POL,2002,29.51,1.79,228.42,8732.58
POL,2003,31.57,1.88,246.78,9427.97
POL,2004,31,1.82,259.64,9913.44
POL,2005,29.76,1.73,248.39,9480.07
POL,2006,28.82,1.67,260.35,9930.08
POL,2007,26.54,1.56,278.92,10632.59
POL,2008,24.61,1.57,300.86,11470.52
POL,2009,24.57,1.62,322.52,12304.5
POL,2010,24.33,1.57,346.36,13176.43
POL,2011,24.15,1.52,361.41,13756.36
POL,2012,22.26,1.39,351.32,13372.43
POL,2013,21.7,1.41,362.63,13794.33
POL,2014,21.47,1.36,362.18,13766.94
POL,2015,21.21,1.36,385.84,14656.75
POL,2016,20.98,1.38,411.07,15608.48
POL,2017,20.33,1.34,419.37,15925.54
POL,2018,20.79,1.31,438.06,16635.22
POL,2019,19.7,1.27,439.76,16695.66
POL,2020,19.74,1.28,451.16,17098.51
POL,2021,19,1.22,479.36,17727.41
PRT,1970,14.23,0.32,6.35,55.08
PRT,1977,20.71,0.85,32.73,309.45
PRT,1978,24.23,1.02,43.58,416.59
PRT,1979,25.04,1.03,47.88,462.53
PRT,1980,20.98,1.01,53.6,523.5
PRT,1981,19.47,0.98,56.31,554.7
PRT,1982,18.98,0.97,59.9,593.74
PRT,1983,20.08,0.97,62.09,618.28
PRT,1984,20.58,1.02,64.67,646.5
PRT,1985,25.95,1.39,96.46,966.89
PRT,1986,23.01,1.37,106.65,1070.02
PRT,1987,25.34,1.46,125.43,1258.05
PRT,1988,23.26,1.4,133.84,1341.02
PRT,1989,24.27,1.34,140.35,1404.2
PRT,1990,25.31,1.4,159.53,1592.64
PRT,1991,24.79,1.5,181.97,1812.46
PRT,1992,25.34,1.57,200.36,1994.09
PRT,1993,26.2,1.69,215.91,2151.49
PRT,1994,26.03,1.67,224.56,2243.66
PRT,1995,24.28,1.75,245.11,2457.55
PRT,1996,24.63,1.84,267.41,2691.24
PRT,1997,24.72,1.83,282.89,2859.72
PRT,1998,24.15,1.78,288.41,2930.28
PRT,2000,21.57,1.86,354.32,3645.91
PRT,2001,22.19,1.92,379.44,3932.06
PRT,2002,22.26,1.96,409.29,4264.63
PRT,2003,22.04,2.01,423.66,4430.93
PRT,2004,22.1,2.11,460.77,4830.66
PRT,2005,21.9,2.11,478.31,5023.86
PRT,2006,22.13,2.07,495.92,5218.24
PRT,2007,21.99,2.03,505.76,5332.16
PRT,2008,20.94,2.01,512.52,5411.26
PRT,2009,19.97,2.02,501.81,5303.28
PRT,2010,19.22,1.93,495.79,5242.01
PRT,2011,18.32,1.78,450.09,4751.85
PRT,2012,17.09,1.65,413.74,4350.39
PRT,2013,16.06,1.51,402.22,4206.15
PRT,2014,15.89,1.49,403.21,4193.82
PRT,2015,15.88,1.48,418.61,4336.03
PRT,2016,15.43,1.45,434.33,4484.63
PRT,2017,15.01,1.4,436.34,4494.43
PRT,2018,14.68,1.38,459.97,4730.29
PRT,2019,14.78,1.41,476.29,4899.2
PRT,2020,15.64,1.65,524.72,5403.03
PRT,2021,14.58,1.62,558.51,5787.14
ROU,2003,20.5,1.1,89.72,1935.63
ROU,2004,27.01,1.48,142.58,3058.61
ROU,2005,28.29,1.56,153.45,3271.4
ROU,2006,27.98,1.42,161.7,3427.05
ROU,2007,26.56,1.33,181.79,3796.21
ROU,2008,25.84,1.3,215.63,4428.52
ROU,2009,24.85,1.31,209.12,4259.27
ROU,2010,24.73,1.4,242.14,4902.52
ROU,2011,38.45,1.72,320.39,6455.13
ROU,2012,36.4,1.64,323.82,6495.11
ROU,2013,39.23,2.05,406.06,8114.5
ROU,2014,35.29,1.78,369.8,7362.4
ROU,2015,33.43,1.65,363.5,7203.02
ROU,2016,31.08,1.58,388.74,7659.1
ROU,2017,25.97,1.35,367.12,7191.49
ROU,2018,24.68,1.36,409.49,7974.43
ROU,2019,25.77,1.47,475.32,9207.63
ROU,2020,24.79,1.54,508.63,9798.81
ROU,2021,23.89,1.55,569.56,10891.22
SVK,1999,34.81,1.93,229.1,1236.21
SVK,2000,34.69,1.84,239.52,1290.73
SVK,2001,34.66,1.85,263,1414.65
SVK,2002,37.56,2.07,326.29,1754.43
SVK,2003,40.24,2.19,352.73,1895.34
SVK,2004,34.19,2.21,376.26,2021.35
SVK,2005,33.28,2.19,396.54,2130.55
SVK,2006,31.13,2.13,417.94,2245.61
SVK,2007,29.37,2.11,465.38,2501.24
SVK,2008,30.16,2.1,508.8,2736.95
SVK,2009,29.43,2.34,532.42,2867.81
SVK,2010,29.2,2.24,587.24,3166.08
SVK,2011,28.72,2.1,567.15,3061.67
SVK,2012,26.54,2,556.73,3010.54
SVK,2013,26.54,1.99,571.49,3093.71
SVK,2014,27.03,1.86,543.32,2944.04
SVK,2015,26.87,1.82,553.2,3000.45
SVK,2016,26.59,1.85,542.42,2945.75
SVK,2017,26.39,1.78,521.07,2834.19
SVK,2018,25.51,1.7,512.55,2791.72
SVK,2019,24.44,1.69,517,2819.77
SVK,2020,23.72,1.69,504.24,2752.53
SVK,2021,21.05,1.63,530.72,2890.94
SVN,2002,22.09,1.77,383.62,765.14
SVN,2003,21.21,1.72,378.95,756.28
SVN,2004,21.23,1.69,394.48,787.78
SVN,2005,21.31,1.7,404.79,809.78
SVN,2006,21.15,1.65,420.08,843.05
SVN,2007,20.08,1.51,414.8,837.12
SVN,2008,19.07,1.5,438.14,885.62
SVN,2009,19.75,1.69,447.48,912.71
SVN,2010,19.78,1.69,458.75,939.79
SVN,2011,19.56,1.67,464.77,954.1
SVN,2012,20.14,1.76,489.48,1006.93
SVN,2013,20.1,1.76,501.44,1032.94
SVN,2014,18.54,1.58,463.4,955.52
SVN,2015,18.25,1.56,470.78,971.46
SVN,2016,18.27,1.55,500.27,1033.08
SVN,2017,18.4,1.51,521.07,1076.73
SVN,2018,17.96,1.49,546.85,1134.12
SVN,2019,17.37,1.48,559.47,1168.38
SVN,2020,17.26,1.63,599.59,1260.59
SVN,2021,16.58,1.57,644.19,1358
SWE,1970,7.67,0.42,20.86,167.73
SWE,1971,7.77,0.46,23.81,192.81
SWE,1972,8.49,0.51,28.14,228.59
SWE,1973,9.33,0.55,33.53,272.79
SWE,1974,9,0.56,37.79,308.38
SWE,1975,8.56,0.55,42.96,351.98
SWE,1976,8.12,0.55,45.51,374.16
SWE,1977,7.7,0.58,49.96,412.25
SWE,1978,7.51,0.57,52.15,431.54
SWE,1979,7.38,0.55,57.02,472.94
SWE,1980,6.97,0.54,62.65,520.65
SWE,1981,7.02,0.55,67.8,564.14
SWE,1982,7.3,0.58,74.71,622.01
SWE,1983,7.39,0.58,78.56,654.3
SWE,1984,7.16,0.55,80.36,669.92
SWE,1985,7.67,0.56,85.98,717.95
SWE,1986,7.93,0.56,91.64,767.03
SWE,1987,8.14,0.58,100.65,845.24
SWE,1988,7.59,0.53,98.83,833.78
SWE,1989,8.6,0.61,121.53,1032.17
SWE,1990,8.63,0.62,128.53,1100.1
SWE,1991,9.15,0.65,135.52,1167.81
SWE,1992,10.11,0.75,155.38,1346.85
SWE,1993,11.2,0.86,170.57,1487.13
SWE,1994,12.36,0.9,187.68,1647.96
SWE,1995,12.93,0.93,206.18,1819.92
SWE,1996,14.25,1.06,241.06,2131.19
SWE,1997,13.03,0.94,222.76,1970.51
SWE,1998,14.29,1.04,258.38,2286.88
SWE,1999,14.64,1.07,286.76,2540.07
SWE,2000,14.51,1.06,318.67,2827.26
SWE,2001,14.86,1.17,356.47,3171.13
SWE,2002,14.96,1.23,394.62,3521.95
SWE,2003,14.46,1.2,386.87,3465.64
SWE,2004,14.36,1.17,398.14,3580.7
SWE,2005,14.17,1.16,398.24,3595.93
SWE,2006,14.19,1.14,427.01,3877.45
SWE,2007,13.89,1.11,448.05,4098.77
SWE,2008,13.89,1.14,474.45,4374.23
SWE,2009,13.74,1.21,474.24,4409.73
SWE,2010,13.58,1.13,466.01,4370.34
SWE,2011,10.48,1.09,467.15,4414.15
SWE,2012,10.36,1.11,484.71,4614.09
SWE,2013,10.05,1.1,475.57,4565.67
SWE,2014,10.02,1.1,487.7,4728.75
SWE,2015,10.09,1.09,504.92,4947.76
SWE,2016,10.23,1.11,524.4,5203.71
SWE,2017,9.83,1.06,512.82,5157.75
SWE,2018,9.91,1.09,537.28,5466.96
SWE,2019,9.6,1.04,517.45,5318.82
SWE,2020,9.66,1.1,554.04,5736.21
SWE,2021,9.25,1.04,576.08,6000.32
TUR,1981,10.71,0.28,9.69,448.62
TUR,1982,12.9,0.28,10.33,488.88
TUR,1983,11.91,0.26,10.57,511.85
TUR,1984,10.94,0.23,10.05,498.42
TUR,1985,13.89,0.21,9.67,490.35
TUR,1986,12.4,0.23,11.92,617.04
TUR,1987,13.33,0.25,13.24,699.6
TUR,1990,22.02,0.54,33.58,1880.89
TUR,1994,31.63,0.83,56.8,3410.04
TUR,1999,27.34,1.22,100.91,6517.91
TUR,2000,27.81,1.28,120.14,7859.95
USA,1987,8.7,0.86,171.83,41633.49
USA,1988,8.63,0.89,189.55,46343.56
USA,1989,8.65,0.92,209.72,51763.37
USA,1990,8.77,0.99,235.47,58778.48
USA,1991,8.67,1.03,251.46,63615.11
USA,1992,8.31,1.01,257.47,66044.15
USA,1993,8.08,1.01,265.44,68992.12
USA,1994,8.07,1,276.72,72811.7
USA,1995,8.39,1.05,300.92,80129.17
USA,1996,8.86,1.1,330.94,89152.44
USA,1997,9.35,1.16,363.95,99234.06
USA,1998,9.92,1.23,402.55,111043.65
USA,1999,10.89,1.34,463.85,129432.98
USA,2000,11.5,1.44,521.68,147197.64
USA,2001,11.96,1.58,584.78,166643.86
USA,2002,12.27,1.72,652.65,187717.43
USA,2003,12.64,1.83,723.84,209992.02
USA,2004,12.85,1.87,779.91,228361.78
USA,2005,12.84,1.87,826.03,244105.28
USA,2006,13.13,1.93,894.04,266764.77
USA,2007,13.02,1.94,933.09,281074.92
USA,2008,12.9,1.96,952.45,289633.39
USA,2009,12.87,2.09,984.11,301895.4
USA,2010,12.52,2.03,986.63,305191.44
USA,2011,12.43,2.01,1004.21,312893.69
USA,2012,12.15,1.96,1013.8,318209.17
USA,2013,11.98,1.92,1020.54,322552.13
USA,2014,12.53,2.03,1118.63,356157.77
USA,2015,12.71,2.1,1189.44,381498.83
USA,2016,12.26,2.06,1192.3,385198.78
USA,2017,11.95,2,1200.77,390396.57
USA,2018,11.77,1.96,1229.27,401771.09
USA,2019,11.77,1.96,1277.03,419287.86
USA,2020,11.04,2.07,1315.22,436030.19
USA,2021,11.74,2.04,1432.31,475596.74
